INSERT INTO user (username, password) VALUES ('bilbo', 'ef797c8118f02dfb649607dd5d3f8c7623048c9c063d532cc95c5ed7a898a64f');
INSERT INTO user (username, password) VALUES ('indiana', 'ef797c8118f02dfb649607dd5d3f8c7623048c9c063d532cc95c5ed7a898a64f');
INSERT INTO user (username, password) VALUES ('james', 'ef797c8118f02dfb649607dd5d3f8c7623048c9c063d532cc95c5ed7a898a64f');
INSERT INTO user (username, password) VALUES ('han', 'ef797c8118f02dfb649607dd5d3f8c7623048c9c063d532cc95c5ed7a898a64f');
INSERT INTO user (username, password) VALUES ('tyler', 'ef797c8118f02dfb649607dd5d3f8c7623048c9c063d532cc95c5ed7a898a64f');

INSERT INTO film(id, name) VALUES (1, 'The Shawshank Redemption');
INSERT INTO film(id, name) VALUES (2, 'The Godfather');
INSERT INTO film(id, name) VALUES (3, 'The Godfather: Part II');
INSERT INTO film(id, name) VALUES (4, 'The Dark Knight');
INSERT INTO film(id, name) VALUES (5, '12 Angry Men');
INSERT INTO film(id, name) VALUES (6, 'Schindlers List');
INSERT INTO film(id, name) VALUES (7, 'Pulp Fiction');
INSERT INTO film(id, name) VALUES (8, 'The Good, the Bad and the Ugly');
INSERT INTO film(id, name) VALUES (9, 'The Lord of the Rings: The Return of the King');
INSERT INTO film(id, name) VALUES (10, 'Fight Club');
INSERT INTO film(id, name) VALUES (11, 'The Lord of the Rings: The Fellowship of the Ring');
INSERT INTO film(id, name) VALUES (12, 'Star Wars: Episode V - The Empire Strikes Back');
INSERT INTO film(id, name) VALUES (13, 'Forrest Gump');
INSERT INTO film(id, name) VALUES (14, 'Inception');
INSERT INTO film(id, name) VALUES (15, 'One Flew Over the Cuckoos Nest');
INSERT INTO film(id, name) VALUES (16, 'The Lord of the Rings: The Two Towers');
INSERT INTO film(id, name) VALUES (17, 'Goodfellas');
INSERT INTO film(id, name) VALUES (18, 'The Matrix');
INSERT INTO film(id, name) VALUES (19, 'Star Wars');
INSERT INTO film(id, name) VALUES (20, 'Seven Samurai');
INSERT INTO film(id, name) VALUES (21, 'City of God');
INSERT INTO film(id, name) VALUES (22, 'Se7en');
INSERT INTO film(id, name) VALUES (23, 'The Silence of the Lambs');
INSERT INTO film(id, name) VALUES (24, 'The Usual Suspects');
INSERT INTO film(id, name) VALUES (25, 'Its a Wonderful Life');
INSERT INTO film(id, name) VALUES (26, 'Life Is Beautiful');
INSERT INTO film(id, name) VALUES (27, 'Léon: The Professional');
INSERT INTO film(id, name) VALUES (28, 'Once Upon a Time in the West');
INSERT INTO film(id, name) VALUES (29, 'Interstellar');
INSERT INTO film(id, name) VALUES (30, 'Saving Private Ryan');
INSERT INTO film(id, name) VALUES (31, 'American History X');
INSERT INTO film(id, name) VALUES (32, 'Spirited Away');
INSERT INTO film(id, name) VALUES (33, 'Casablanca');
INSERT INTO film(id, name) VALUES (34, 'Raiders of the Lost Ark');
INSERT INTO film(id, name) VALUES (35, 'Psycho');
INSERT INTO film(id, name) VALUES (36, 'City Lights');
INSERT INTO film(id, name) VALUES (37, 'Rear Window');
INSERT INTO film(id, name) VALUES (38, 'The Intouchables');
INSERT INTO film(id, name) VALUES (39, 'Modern Times');
INSERT INTO film(id, name) VALUES (40, 'Terminator 2: Judgment Day');
INSERT INTO film(id, name) VALUES (41, 'Whiplash');
INSERT INTO film(id, name) VALUES (42, 'The Green Mile');
INSERT INTO film(id, name) VALUES (43, 'The Pianist');
INSERT INTO film(id, name) VALUES (44, 'Memento');
INSERT INTO film(id, name) VALUES (45, 'The Departed');
INSERT INTO film(id, name) VALUES (46, 'Gladiator');
INSERT INTO film(id, name) VALUES (47, 'Apocalypse Now');
INSERT INTO film(id, name) VALUES (48, 'Back to the Future');
INSERT INTO film(id, name) VALUES (49, 'Sunset Blvd.');
INSERT INTO film(id, name) VALUES (50, 'Dr. Strangelove or: How I Learned to Stop Worrying and Love the Bomb');
INSERT INTO film(id, name) VALUES (51, 'The Prestige');
INSERT INTO film(id, name) VALUES (52, 'Alien');
INSERT INTO film(id, name) VALUES (53, 'The Lion King');
INSERT INTO film(id, name) VALUES (54, 'The Lives of Others');
INSERT INTO film(id, name) VALUES (55, 'The Great Dictator');
INSERT INTO film(id, name) VALUES (56, 'Inside Out');
INSERT INTO film(id, name) VALUES (57, 'Cinema Paradiso');
INSERT INTO film(id, name) VALUES (58, 'The Shining');
INSERT INTO film(id, name) VALUES (59, 'Paths of Glory');
INSERT INTO film(id, name) VALUES (60, 'Django Unchained');
INSERT INTO film(id, name) VALUES (61, 'The Dark Knight Rises');
INSERT INTO film(id, name) VALUES (62, 'WALL·E');
INSERT INTO film(id, name) VALUES (63, 'American Beauty');
INSERT INTO film(id, name) VALUES (64, 'Grave of the Fireflies');
INSERT INTO film(id, name) VALUES (65, 'Aliens');
INSERT INTO film(id, name) VALUES (66, 'Citizen Kane');
INSERT INTO film(id, name) VALUES (67, 'North by Northwest');
INSERT INTO film(id, name) VALUES (68, 'Princess Mononoke');
INSERT INTO film(id, name) VALUES (69, 'Vertigo');
INSERT INTO film(id, name) VALUES (70, 'Oldeuboi');
INSERT INTO film(id, name) VALUES (71, 'Das Boot');
INSERT INTO film(id, name) VALUES (72, 'M');
INSERT INTO film(id, name) VALUES (73, 'Star Wars: Episode VI - Return of the Jedi');
INSERT INTO film(id, name) VALUES (74, 'Once Upon a Time in America');
INSERT INTO film(id, name) VALUES (75, 'Amélie');
INSERT INTO film(id, name) VALUES (76, 'Witness for the Prosecution');
INSERT INTO film(id, name) VALUES (77, 'Reservoir Dogs');
INSERT INTO film(id, name) VALUES (78, 'Braveheart');
INSERT INTO film(id, name) VALUES (79, 'Toy Story 3');
INSERT INTO film(id, name) VALUES (80, 'A Clockwork Orange');
INSERT INTO film(id, name) VALUES (81, 'Double Indemnity');
INSERT INTO film(id, name) VALUES (82, 'Taxi Driver');
INSERT INTO film(id, name) VALUES (83, 'Requiem for a Dream');
INSERT INTO film(id, name) VALUES (84, 'To Kill a Mockingbird');
INSERT INTO film(id, name) VALUES (85, 'Lawrence of Arabia');
INSERT INTO film(id, name) VALUES (86, 'Eternal Sunshine of the Spotless Mind');
INSERT INTO film(id, name) VALUES (87, 'Full Metal Jacket');
INSERT INTO film(id, name) VALUES (88, 'The Sting');
INSERT INTO film(id, name) VALUES (89, 'Amadeus');
INSERT INTO film(id, name) VALUES (90, 'Bicycle Thieves');
INSERT INTO film(id, name) VALUES (91, 'Singin in the Rain');
INSERT INTO film(id, name) VALUES (92, 'Monty Python and the Holy Grail');
INSERT INTO film(id, name) VALUES (93, 'Snatch.');
INSERT INTO film(id, name) VALUES (94, '2001: A Space Odyssey');
INSERT INTO film(id, name) VALUES (95, 'The Kid');
INSERT INTO film(id, name) VALUES (96, 'L.A. Confidential');
INSERT INTO film(id, name) VALUES (97, 'Rashômon');
INSERT INTO film(id, name) VALUES (98, 'For a Few Dollars More');
INSERT INTO film(id, name) VALUES (99, 'Toy Story');
INSERT INTO film(id, name) VALUES (100, 'The Apartment');
INSERT INTO film(id, name) VALUES (101, 'Inglourious Basterds');
INSERT INTO film(id, name) VALUES (102, 'All About Eve');
INSERT INTO film(id, name) VALUES (103, 'The Treasure of the Sierra Madre');
INSERT INTO film(id, name) VALUES (104, 'Jodaeiye Nader az Simin');
INSERT INTO film(id, name) VALUES (105, 'Indiana Jones and the Last Crusade');
INSERT INTO film(id, name) VALUES (106, 'Metropolis');
INSERT INTO film(id, name) VALUES (107, 'Yojimbo');
INSERT INTO film(id, name) VALUES (108, 'The Third Man');
INSERT INTO film(id, name) VALUES (109, 'Batman Begins');
INSERT INTO film(id, name) VALUES (110, 'Scarface');
INSERT INTO film(id, name) VALUES (111, 'Some Like It Hot');
INSERT INTO film(id, name) VALUES (112, 'Unforgiven');
INSERT INTO film(id, name) VALUES (113, '3 Idiots');
INSERT INTO film(id, name) VALUES (114, 'Up');
INSERT INTO film(id, name) VALUES (115, 'Raging Bull');
INSERT INTO film(id, name) VALUES (116, 'Downfall');
INSERT INTO film(id, name) VALUES (117, 'Mad Max: Fury Road');
INSERT INTO film(id, name) VALUES (118, 'Jagten');
INSERT INTO film(id, name) VALUES (119, 'Chinatown');
INSERT INTO film(id, name) VALUES (120, 'The Great Escape');
INSERT INTO film(id, name) VALUES (121, 'Die Hard');
INSERT INTO film(id, name) VALUES (122, 'Good Will Hunting');
INSERT INTO film(id, name) VALUES (123, 'Heat');
INSERT INTO film(id, name) VALUES (124, 'On the Waterfront');
INSERT INTO film(id, name) VALUES (125, 'Pans Labyrinth');
INSERT INTO film(id, name) VALUES (126, 'Mr. Smith Goes to Washington');
INSERT INTO film(id, name) VALUES (127, 'The Bridge on the River Kwai');
INSERT INTO film(id, name) VALUES (128, 'My Neighbor Totoro');
INSERT INTO film(id, name) VALUES (129, 'Ran');
INSERT INTO film(id, name) VALUES (130, 'The Gold Rush');
INSERT INTO film(id, name) VALUES (131, 'Ikiru');
INSERT INTO film(id, name) VALUES (132, 'The Seventh Seal');
INSERT INTO film(id, name) VALUES (133, 'Blade Runner');
INSERT INTO film(id, name) VALUES (134, 'The Secret in Their Eyes');
INSERT INTO film(id, name) VALUES (135, 'Wild Strawberries');
INSERT INTO film(id, name) VALUES (136, 'The General');
INSERT INTO film(id, name) VALUES (137, 'Lock, Stock and Two Smoking Barrels');
INSERT INTO film(id, name) VALUES (138, 'The Elephant Man');
INSERT INTO film(id, name) VALUES (139, 'Casino');
INSERT INTO film(id, name) VALUES (140, 'The Wolf of Wall Street');
INSERT INTO film(id, name) VALUES (141, 'Howls Moving Castle');
INSERT INTO film(id, name) VALUES (142, 'Warrior');
INSERT INTO film(id, name) VALUES (143, 'Gran Torino');
INSERT INTO film(id, name) VALUES (144, 'V for Vendetta');
INSERT INTO film(id, name) VALUES (145, 'The Big Lebowski');
INSERT INTO film(id, name) VALUES (146, 'Rebecca');
INSERT INTO film(id, name) VALUES (147, 'Judgment at Nuremberg');
INSERT INTO film(id, name) VALUES (148, 'A Beautiful Mind');
INSERT INTO film(id, name) VALUES (149, 'Cool Hand Luke');
INSERT INTO film(id, name) VALUES (150, 'The Deer Hunter');
INSERT INTO film(id, name) VALUES (151, 'How to Train Your Dragon');
INSERT INTO film(id, name) VALUES (152, 'Gone with the Wind');
INSERT INTO film(id, name) VALUES (153, 'Fargo');
INSERT INTO film(id, name) VALUES (154, 'Trainspotting');
INSERT INTO film(id, name) VALUES (155, 'It Happened One Night');
INSERT INTO film(id, name) VALUES (156, 'Dial M for Murder');
INSERT INTO film(id, name) VALUES (157, 'Into the Wild');
INSERT INTO film(id, name) VALUES (158, 'Gone Girl');
INSERT INTO film(id, name) VALUES (159, 'The Sixth Sense');
INSERT INTO film(id, name) VALUES (160, 'Rush');
INSERT INTO film(id, name) VALUES (161, 'Finding Nemo');
INSERT INTO film(id, name) VALUES (162, 'The Maltese Falcon');
INSERT INTO film(id, name) VALUES (163, 'Mary and Max');
INSERT INTO film(id, name) VALUES (164, 'No Country for Old Men');
INSERT INTO film(id, name) VALUES (165, 'The Thing');
INSERT INTO film(id, name) VALUES (166, 'Incendies');
INSERT INTO film(id, name) VALUES (167, 'Hotel Rwanda');
INSERT INTO film(id, name) VALUES (168, 'Kill Bill: Vol. 1');
INSERT INTO film(id, name) VALUES (169, 'Life of Brian');
INSERT INTO film(id, name) VALUES (170, 'Platoon');
INSERT INTO film(id, name) VALUES (171, 'The Wages of Fear');
INSERT INTO film(id, name) VALUES (172, 'Butch Cassidy and the Sundance Kid');
INSERT INTO film(id, name) VALUES (173, 'There Will Be Blood');
INSERT INTO film(id, name) VALUES (174, 'Network');
INSERT INTO film(id, name) VALUES (175, 'Touch of Evil');
INSERT INTO film(id, name) VALUES (176, 'The 400 Blows');
INSERT INTO film(id, name) VALUES (177, 'Stand by Me');
INSERT INTO film(id, name) VALUES (178, '12 Years a Slave');
INSERT INTO film(id, name) VALUES (179, 'The Princess Bride');
INSERT INTO film(id, name) VALUES (180, 'Annie Hall');
INSERT INTO film(id, name) VALUES (181, 'Persona');
INSERT INTO film(id, name) VALUES (182, 'The Grand Budapest Hotel');
INSERT INTO film(id, name) VALUES (183, 'Amores Perros');
INSERT INTO film(id, name) VALUES (184, 'In the Name of the Father');
INSERT INTO film(id, name) VALUES (185, 'Million Dollar Baby');
INSERT INTO film(id, name) VALUES (186, 'Ben-Hur');
INSERT INTO film(id, name) VALUES (187, 'The Grapes of Wrath');
INSERT INTO film(id, name) VALUES (188, 'Hachi: A Dogs Tale');
INSERT INTO film(id, name) VALUES (189, 'Nausicaä of the Valley of the Wind');
INSERT INTO film(id, name) VALUES (190, 'Shutter Island');
INSERT INTO film(id, name) VALUES (191, 'Diabolique');
INSERT INTO film(id, name) VALUES (192, 'Sin City');
INSERT INTO film(id, name) VALUES (193, 'The Wizard of Oz');
INSERT INTO film(id, name) VALUES (194, 'Gandhi');
INSERT INTO film(id, name) VALUES (195, 'Stalker');
INSERT INTO film(id, name) VALUES (196, 'The Bourne Ultimatum');
INSERT INTO film(id, name) VALUES (197, 'The Best Years of Our Lives');
INSERT INTO film(id, name) VALUES (198, 'Donnie Darko');
INSERT INTO film(id, name) VALUES (199, 'Relatos salvajes');
INSERT INTO film(id, name) VALUES (200, '8½');
INSERT INTO film(id, name) VALUES (201, 'Strangers on a Train');
INSERT INTO film(id, name) VALUES (202, 'Jurassic Park');
INSERT INTO film(id, name) VALUES (203, 'The Avengers');
INSERT INTO film(id, name) VALUES (204, 'Before Sunrise');
INSERT INTO film(id, name) VALUES (205, 'Twelve Monkeys');
INSERT INTO film(id, name) VALUES (206, 'The Terminator');
INSERT INTO film(id, name) VALUES (207, 'Infernal Affairs');
INSERT INTO film(id, name) VALUES (208, 'Jaws');
INSERT INTO film(id, name) VALUES (209, 'The Battle of Algiers');
INSERT INTO film(id, name) VALUES (210, 'Groundhog Day');
INSERT INTO film(id, name) VALUES (211, 'Memories of Murder');
INSERT INTO film(id, name) VALUES (212, 'Guardians of the Galaxy');
INSERT INTO film(id, name) VALUES (213, 'Monsters, Inc.');
INSERT INTO film(id, name) VALUES (214, 'Harry Potter and the Deathly Hallows: Part 2');
INSERT INTO film(id, name) VALUES (215, 'Throne of Blood');
INSERT INTO film(id, name) VALUES (216, 'The Truman Show');
INSERT INTO film(id, name) VALUES (217, 'Fanny and Alexander');
INSERT INTO film(id, name) VALUES (218, 'Barry Lyndon');
INSERT INTO film(id, name) VALUES (219, 'Rocky');
INSERT INTO film(id, name) VALUES (220, 'Dog Day Afternoon');
INSERT INTO film(id, name) VALUES (221, 'The Imitation Game');
INSERT INTO film(id, name) VALUES (222, 'Yip Man');
INSERT INTO film(id, name) VALUES (223, 'The Kings Speech');
INSERT INTO film(id, name) VALUES (224, 'High Noon');
INSERT INTO film(id, name) VALUES (225, 'La Haine');
INSERT INTO film(id, name) VALUES (226, 'A Fistful of Dollars');
INSERT INTO film(id, name) VALUES (227, 'Pirates of the Caribbean: The Curse of the Black Pearl');
INSERT INTO film(id, name) VALUES (228, 'Notorious');
INSERT INTO film(id, name) VALUES (229, 'Castle in the Sky');
INSERT INTO film(id, name) VALUES (230, 'Prisoners');
INSERT INTO film(id, name) VALUES (231, 'The Help');
INSERT INTO film(id, name) VALUES (232, 'Whos Afraid of Virginia Woolf?');
INSERT INTO film(id, name) VALUES (233, 'Roman Holiday');
INSERT INTO film(id, name) VALUES (234, 'Spring, Summer, Fall, Winter... and Spring');
INSERT INTO film(id, name) VALUES (235, 'The Night of the Hunter');
INSERT INTO film(id, name) VALUES (236, 'Beauty and the Beast');
INSERT INTO film(id, name) VALUES (237, 'La Strada');
INSERT INTO film(id, name) VALUES (238, 'Papillon');
INSERT INTO film(id, name) VALUES (239, 'X-Men: Days of Future Past');
INSERT INTO film(id, name) VALUES (240, 'Before Sunset');
INSERT INTO film(id, name) VALUES (241, 'Anatomy of a Murder');
INSERT INTO film(id, name) VALUES (242, 'The Hustler');
INSERT INTO film(id, name) VALUES (243, 'The Graduate');
INSERT INTO film(id, name) VALUES (244, 'The Big Sleep');
INSERT INTO film(id, name) VALUES (245, 'Underground');
INSERT INTO film(id, name) VALUES (246, 'Elite Squad: The Enemy Within');
INSERT INTO film(id, name) VALUES (247, 'Gangs of Wasseypur');
INSERT INTO film(id, name) VALUES (248, 'Lagaan: Once Upon a Time in India');
INSERT INTO film(id, name) VALUES (249, 'Paris, Texas');
INSERT INTO film(id, name) VALUES (250, 'Akira');

INSERT INTO rating (user, film, rating) VALUES ('bilbo', 1, 1);
INSERT INTO rating (user, film, rating) VALUES ('indiana', 1, 2);
INSERT INTO rating (user, film, rating) VALUES ('james', 1, 3);
INSERT INTO rating (user, film, rating) VALUES ('han', 1, 4);
INSERT INTO rating (user, film, rating) VALUES ('tyler', 1, 5);

INSERT INTO rating (user, film, rating) VALUES ('bilbo', 2, 5);
INSERT INTO rating (user, film, rating) VALUES ('indiana', 2, 5);
INSERT INTO rating (user, film, rating) VALUES ('james', 2, 5);
INSERT INTO rating (user, film, rating) VALUES ('han', 2, 5);
INSERT INTO rating (user, film, rating) VALUES ('tyler', 2, 5);
INSERT INTO rating (user, film, rating) VALUES ('tyler', 3, 4);
INSERT INTO rating (user, film, rating) VALUES ('tyler', 4, 3);
INSERT INTO rating (user, film, rating) VALUES ('tyler', 5, 2);
INSERT INTO rating (user, film, rating) VALUES ('tyler', 6, 1);

